{
  "headers": [
    {
      "source": "/(.*)",
      "headers": [
        {
          "key": "Access-Control-Allow-Origin",
          "value": "*"
        },
        {
          "key": "Access-Control-Allow-Methods",
          "value": "GET,HEAD,PUT,PATCH,POST,DELETE"
        },
        {
          "key": "Access-Control-Allow-Headers",
          "value": "Content-Type, Authorization"
        },
        {
          "key": "Access-Control-Allow-Credentials",
          "value": "true"
        }
      ]
    }
  ],
  "rewrites": [
    { "source": "/(.*)", "destination": "/" }
  ],
  "trailingSlash": false
} 